left_deck,left_slide,right_deck,right_slide,exact_visible_text,exact_normalized_text,text_similarity,title_similarity,left_title,right_title,left_xml_sha256,right_xml_sha256
e2,1,delivery-variant,1,True,True,1.0,1.0,2026高效率節能人工智慧模型服務平台培訓,2026高效率節能人工智慧模型服務平台培訓,04d0c9dcf18b97037de7b814c2f2d041c5d6a98af8a8c39c9101a8d226bbea17,04d0c9dcf18b97037de7b814c2f2d041c5d6a98af8a8c39c9101a8d226bbea17
e2,98,delivery-variant,98,False,False,0.9975,1.0,"兩行軌道元素集（Two-Line Element Set, TLE）：原始兩行與固定位置","兩行軌道元素集（Two-Line Element Set, TLE）：原始兩行與固定位置",a08a7d828304b253f2812f569fabf347846930c837c01013572f2d01b2e272e9,e0f3bcf0320bc41aa5cdd3a656a4ceb1dda08610e655fbb8a2824b98280d4e34
e2,100,delivery-variant,100,False,False,0.9973,1.0,TLE 第 1 行：曆元與平均運動導數的格式位置,TLE 第 1 行：曆元與平均運動導數的格式位置,442f6021d0533010d24e94ab00b8d5b7d830fbeac9987ac8f6e2b6ea8c75e9d6,1f3b2a86479731243a1469424e2d419412feda6c12a51ccbbcf4f5e5f7c3d2ec
e2,101,delivery-variant,101,False,False,0.9973,1.0,TLE 第 1 行：BSTAR、星曆類型與校驗欄位,TLE 第 1 行：BSTAR、星曆類型與校驗欄位,301992873856241bb2a194e2da7555e64f356b4667837d9767562fe012d4bce1,37f1078201b3dc25172708bea88426cbef74ba8ca08db2189aa4a2d548b4aa9c
e2,102,delivery-variant,102,False,False,0.9973,1.0,TLE 第 2 行：傾角、升交點赤經與偏心率,TLE 第 2 行：傾角、升交點赤經與偏心率,7ef52ab4e8b76b30cd2b524192bf038d7f58cbd2e2f9007871a8b139ccbe43cb,962e06dc26812aa0e9b8e7ca9f433944139a08bf2fc646452443bacf4b87fa6c
e2,103,delivery-variant,103,False,False,0.9973,1.0,TLE 第 2 行：近地點幅角、平近點角與平均運動,TLE 第 2 行：近地點幅角、平近點角與平均運動,f8e596dd04bb03b01573927d083b190a2b4b489569ed232539dce1b80231f09b,7964509bdb767c780125dfb0df8b52a973cd065fada40bfdb465bb3110d319b1
e2,7,delivery-variant,7,False,False,0.997,1.0,"兩行軌道元素集（Two-Line Element Set, TLE）","兩行軌道元素集（Two-Line Element Set, TLE）",32a2b67cc9628fac0b7f3c986e5f6d0b1118df9b1487155a884e5ab19c473854,312a22cc54b3f191a791ff7ac3f294a53ea6c0cf27f4058c7a497a1f0d169bec
e2,99,delivery-variant,99,False,False,0.9969,1.0,TLE 第 1 行：物件識別欄位各有固定位置,TLE 第 1 行：物件識別欄位各有固定位置,f39d0bf89755cfb5ebc5ee0e5827f41537a341fd28730b8603062ceff0d20111,699652efc81c07c2ea35c56adc736753f5190ec66846ad7d7c891d2eed2b6fd2
e2,104,delivery-variant,104,False,False,0.9969,1.0,TLE 第 2 行：參考圈數與 checksum,TLE 第 2 行：參考圈數與 checksum,4977e39ce03be9857b55b86ed281247b5bfe757b6a06148d019bc3a5759a42b8,c6bd62acfe93e7f4dbe60e412b675aef6ebc9e3ccc32153d33e13bd348a56f4c
e2,106,delivery-variant,106,False,False,0.9967,1.0,OMM：標準訊息與承載格式要分層理解,OMM：標準訊息與承載格式要分層理解,fe759a0d00dd90f8f3f3bfb83f1e4c376a5d17a8e9709b76dd19283b5d348530,e090701e872c9baeb3a18b490754336258d065f8aba7546a3860509862b9f984
e2,79,delivery-variant,79,False,False,0.9965,1.0,T4 已填範例：重開窗口不改參數,T4 已填範例：重開窗口不改參數,0a7d1ed3ff9c8102707e8b549bedc9e73b481a3ff9ca41a716e3c8d385c8d8b7,bef78149beeb041906d9143fd9fbc2fc94cd25aa40231c350be7a1d57dc59009
e2,105,delivery-variant,105,False,False,0.9962,1.0,平均軌道元素：六個欄位如何共同描述運動,平均軌道元素：六個欄位如何共同描述運動,fc8db6099c8bd33472da455295a4818e7f35592fb5048642c7f2ca83cb56005c,e1c363266be708ed4510991368f4fa6d779d274f355c8c430020889ed35c3dc9
e2,77,delivery-variant,77,False,False,0.996,1.0,T4 操作：一次只檢查一個按鈕行為,T4 操作：一次只檢查一個按鈕行為,af35c4149260ef6b61574c53083ef2ca0b685bd24439e953c72b0dff6519af1a,3dde32d966fa36cd6b1a3ff03b98b452c5af8934189e6f75f458b72ec7d00046
e2,114,delivery-variant,114,False,False,0.9957,1.0,資料來源：格式、推算、座標與能量模型,資料來源：格式、推算、座標與能量模型,e22946134aacd46cd5597e40252c7030e1e37d42b1f89afbcdcf50c2e33f1169,804552a29e4bbbcf10f3ecc4bedd6d2fbdc170eca5c3d2267f16c35dd0422f44
e2,85,delivery-variant,85,False,False,0.9956,1.0,T5 已填範例：先看累積資料與總耗能,T5 已填範例：先看累積資料與總耗能,2072d2ab31273f48f51bd79d253539f57adf5cf7c03ccd6fb16ec96cd0710e48,79eeccff3be6859af3c2126c1d044fb21b81196ffddedd8d358e19fcfb719f6d
e2,58,delivery-variant,58,False,False,0.9951,1.0,T2｜實際數值：事件、總耗能與窗口,T2｜實際數值：事件、總耗能與窗口,e10e0ee27fdc80e7fe7b0ee07da11a5e5744b23e9d935f521e849b437153fc52,2bd9c668c554a2af0dde4d7ce3d4465dca9bdf608902563d39603380bac23608
e2,76,delivery-variant,76,False,False,0.9951,1.0,T4 目的：兩個量測按鈕是否改變同一件事？,T4 目的：兩個量測按鈕是否改變同一件事？,faf1d75a65ef87fc471f6e1231762106066b6caaede4d629931059316ef78914,5986d0448a5743966ed3bab64ae8428bf28ec3c7e3a2804e7f4946107d7dd17d
e2,40,delivery-variant,40,False,False,0.995,1.0,兩個窗口與兩種按鈕語義,兩個窗口與兩種按鈕語義,3452fc879af4f5f24a19f91c14c500b7573fb75dd46f4e7a37e8f3f0d7c69816,90228f6137f56f11ea176f40efb438a1f7f3f4010ba3d57dc25e787ef23aab9a
e2,41,delivery-variant,41,False,False,0.9948,1.0,控制在哪裡：左側分頁與操作按鈕,控制在哪裡：左側分頁與操作按鈕,044f522e21f8d9f4fc50363114a66c3891a512cc583aeec5cbaca90342834b0a,89a4f19a1a71aad31c71711246b3ff263ecf100a9e25797c9f8297a889a25b79
e2,93,delivery-variant,93,False,False,0.9948,1.0,T6 已填範例：第一幀與正時間差的讀值,T6 已填範例：第一幀與正時間差的讀值,f5946e727a2b2f15fc332ee175ef250f62afa21aef3071db51605c446a96f832,41315c0e4f1189828041e1a4ee5d7c5adc25dfd7ce446908de32fdf90a49eb10
e2,91,delivery-variant,91,False,False,0.9947,1.0,T6 操作：只前進一個正的時間間隔,T6 操作：只前進一個正的時間間隔,b8a2b311e65341ccd37ec223cd1e79a0a67ddde781842367435bc1cdc4eb76f1,05e1c7e2d0c90ef5fbaa2803e9cef649cc73810c0dfd18422a66bf902dea1d51
e2,49,delivery-variant,49,False,False,0.9946,1.0,T1｜實際數值：功率讀值,T1｜實際數值：功率讀值,fc0a94665b8f166bea778ffe1db12e919e4cfc01300ce0eae2d835156a407b8d,a79ce3fd8d8758e2603bf1a3e33cfe2fd827d97952b8079b51a1fb3f33e0aa78
e2,50,delivery-variant,50,False,False,0.9945,1.0,T1｜解讀：總功率從哪裡來？,T1｜解讀：總功率從哪裡來？,4d5ab14f3097c9b9c1017b8aa30e34cb89367db0e599a1eaf2ed3f50ddb0f206,2d793281ab60ec2e26a3d620c7a3e236bd8988628f3bd46f92517d6d0c39b1a8
e2,90,delivery-variant,90,False,False,0.9945,1.0,T6 目的：同名 EE 是否來自同一筆帳？,T6 目的：同名 EE 是否來自同一筆帳？,244e092ca2c9d3a40f1fc0f48a80d4b38dc8a1ae7a8786144d8c6b6bc0875659,1cf261d6160bd317ca55e86f3df45ebecf1a4a745e0dac86a7c22c32fead1f6c
e2,112,delivery-variant,112,False,False,0.9945,1.0,功率帳本：RF 輸出、PA 輸入與消耗功率,功率帳本：RF 輸出、PA 輸入與消耗功率,c3561a2abb215c9e468905ff0e737e6f3110fac94293c19886a05d4bc52ef02b,677b3960735540584b3e7bdf6511cfe042949442c819568bdba9ff067608c5dd
e2,84,delivery-variant,84,False,False,0.9944,1.0,T5 已填讀值：資料量與窗口平均資料率,T5 已填讀值：資料量與窗口平均資料率,42729098c4266396e837f81c28bf7c1737406341e966d3f3cf2bdfbea55492c6,0a1dc5a300f67fb626dd8b7d9371a67d7a832ef5170c08b819a962dfb962bac0
e2,108,delivery-variant,108,False,False,0.9944,1.0,TEME：三維位置與速度的輸出參考框架,TEME：三維位置與速度的輸出參考框架,b4e73354ac191e0e90daa54ff60553b38b64d211b94f30fd3cc1455637d01351,8f190176afa38903d6f7780fa35c9fa550cd2993f5d99bfb3cc9ae83fb2fe251
e2,113,delivery-variant,113,False,False,0.9944,1.0,時間窗 EE：量測、推導、假設與模擬,時間窗 EE：量測、推導、假設與模擬,008cdac682f7484c639d2fd87c86d74b7b0a563e5047d81093063b96d7afaf68,fa43fc7f042032d2576ee2e0c2f2b05b358c0592d69c673d2b61cf4942056d10
e2,19,delivery-variant,19,False,False,0.9943,1.0,三種服務反應，同時改變資料與能量,三種服務反應，同時改變資料與能量,949623235e55de3517c07cfd99ec237b65d45b5cba8e8425668dcd3b4030e67e,113145097b7930660385061206ad5411c0fd29565c9f796e450866bde6c7a46d
e2,25,delivery-variant,25,False,False,0.9943,1.0,PA 效率：同一 RF 輸出需要多少取電？,PA 效率：同一 RF 輸出需要多少取電？,971c28f74962aeee6dde534ac212cd35ba53efa37926ca99fe4634b8723762ca,269ed5548091d80308b69339ba8566e276bb335e727176e01f2957a956b62c2d
e2,55,delivery-variant,55,False,False,0.9943,1.0,T2｜實際數值：控制與持續運作功率,T2｜實際數值：控制與持續運作功率,696baccac047ded8f45e01b32041021a5f4d05e3c94187851fc1669b7f2ca053,d3104f9207d4b7d73ed753f68f0d451a4f189ec07e210c995d047c51f103c37c
e2,80,delivery-variant,80,False,False,0.9943,1.0,T4 解讀：先變的是帳本，不是物理量,T4 解讀：先變的是帳本，不是物理量,b6849a4ac922a51a1250a1a3bb774b5b88c8fdc96f0abac38d1753e9d05db064,e5033d848f6d8f6619a86895cba45f718d4750b940606978a0a88117cc3169af
e2,39,delivery-variant,39,False,False,0.9942,1.0,完整因果鏈：從控制到可觀察結果,完整因果鏈：從控制到可觀察結果,1afc282a49b71d3ad6bf6493187d1cd04b02d3192834585d413223b393ca46f4,b9c2110dfd99dc62dc736ded2a580b0c17f2b59eedbd3ccb60d1ac3053d1cc29
e2,42,delivery-variant,42,False,False,0.9942,1.0,讀值在哪裡：右側明細與狀態,讀值在哪裡：右側明細與狀態,2cc27194a23cf1860bd511b8ba77f5afe28dc6047df6de6d09e3bb261afe2853,1c9d3eb0f692e959bee369f53489d3fa1c5f05236dcd15324ce38a1600c7a5ba
e2,109,delivery-variant,109,False,False,0.9942,1.0,TEME → ECEF → ENU：位置轉成觀測者方向,TEME → ECEF → ENU：位置轉成觀測者方向,6cd9f6599e1ef12c47c26f541ad5a29037927a99024024518532fe931511e741,87fce0c9bb18a8c5449b8f8578a25aa3c0c680fa3fcb124917fdcaf0f26d9613
e2,15,delivery-variant,15,False,False,0.9941,1.0,SINR 進入資料率前，先把 dB 還原成線性量,SINR 進入資料率前，先把 dB 還原成線性量,5a0299fbef43e43d68eee31bbc615cac43cc1c338aef509160921a783aeb7297,3fb4c228e51f74c85195ea79486e220dc8a36c69e85ec6b6a480e32f02e63c0d
e2,59,delivery-variant,59,False,False,0.9941,1.0,T2｜解讀：事件耗能何時改變結果？,T2｜解讀：事件耗能何時改變結果？,4a8064598ca17420d580c835f46787e109867ff471a4d535b047dfc7f42cbb4a,8effca9dadee1923590001fdf79654b309445c9370feebce2315678e13037345
e2,110,delivery-variant,110,False,False,0.9941,1.0,可見性仰角：幾何門檻、離軸角與指向角,可見性仰角：幾何門檻、離軸角與指向角,9722c31a125da9323e39b27160707b3f71ab6555d07b589b2f9ba2a08036f9ef,a0ee0aeb2d9921b1e9e3b03a9caf5bcf0a05fdf322a5b4b9d6bfc90d156d2e87
e2,111,delivery-variant,111,False,False,0.9941,1.0,鏈路路徑：角度、斜距與 SINR 分開計算,鏈路路徑：角度、斜距與 SINR 分開計算,fe015e7c0d3abfd3f8a51c685ae91fc7959ef220f25bf96138aec565d089f80a,3bd44e4932f34cdc39b4cf891b942c2a85491196b28b4f2adf1909681eea69ee
e2,46,delivery-variant,46,False,False,0.9939,1.0,T1｜實際數值：控制與窗口,T1｜實際數值：控制與窗口,44eb28411ab39ea12d2000bb670801f2aed4bbc7bb120df96291648498345233,31e43a07f9dcb2dc488390f69519c9153d72ef977498e630b45b881134e4556d
e2,56,delivery-variant,56,False,False,0.9939,1.0,T2｜解讀：持續運作功率先看哪一列？,T2｜解讀：持續運作功率先看哪一列？,07de2ef0e57b5f85d365e9eafed11cfacef996f34ebe0147175130d7b71038ae,414ea09a5cf437cdb31b5b2a3170d494c2bfb0f4ea690196a8a0f331b5c480fe
e2,78,delivery-variant,78,False,False,0.9938,1.0,T4 空白觀測表：參數與窗口分開記,T4 空白觀測表：參數與窗口分開記,c2d00058599cc93d8fc9f26e6ec8dbde06bdda80bac08283d798e6266b1d55c3,5651789b75b7dd420a48176f86d92e7f4cd1a74bccb8dda88b590f0d101440fc
e2,24,delivery-variant,24,False,False,0.9937,1.0,log2(1+γ) 把 SINR 變成頻譜效率,log2(1+γ) 把 SINR 變成頻譜效率,721fe2e3307dd2b58d1ee7669305b12b1c85c57113ab45273f80a5991343ab5c,a441444862a7b2ed3bd6a510e670d20b2e07a7ca5de76b8537fbe5f045c4b903
e2,68,delivery-variant,68,False,False,0.9937,1.0,T3｜實際數值：品質、負載與速率,T3｜實際數值：品質、負載與速率,9d6b2d3959807309c99bea4bf801de5378e72e67c5980875a1d6b11408df415f,bacf1ecf591fd1a603c0ca76fa41c50abbb0ce4850d72f13ef75650b8e94c4e8
e2,14,delivery-variant,14,False,False,0.9933,1.0,Throughput 先定義：每秒交付資料，不是累積資料,Throughput 先定義：每秒交付資料，不是累積資料,7f2442ac4cf55665a713080494483b142e2a974ca6312ece829691d9bec65ca3,4e8f77330b093ad3e3811f7a8a278554618969626535ce1f64687cf1c774a57b
e2,38,delivery-variant,38,False,False,0.9932,1.0,服務窗口裡，控制改變如何傳到讀值？,服務窗口裡，控制改變如何傳到讀值？,7ce8c5e1bf4a805dc33057d4faa9fa054f0f4553afb3f7e0538cc790f821309e,14a9dc74fad8f0d024a4c5da9789a2b664012e8ddd631b7aa68c4e2da07500d7
e2,47,delivery-variant,47,False,False,0.9932,1.0,T1｜解讀：控制與窗口先對齊,T1｜解讀：控制與窗口先對齊,a9fec19d81c1e438dc5d3d8aaa5ca8298ed90d8c535db3da0a1a75ab760eaec3,e1e46e197e1ea24cedcca28c77d8a451884647e25b1fbb10f7df6a982569b7f1
e2,62,delivery-variant,62,False,False,0.9932,1.0,T3｜條件設計：同一基準，每列只調整一項,T3｜條件設計：同一基準，每列只調整一項,c67c0faba8667ba9c6ff5baa8186f614e179520db32b12201748b0c10238af70,a123feb35b9b8d5bf0f416cc1a420de9aef229736cf9f669d82db29f142a40d0
e2,69,delivery-variant,69,False,False,0.9932,1.0,T3｜解讀：B／K 如何改變速率？,T3｜解讀：B／K 如何改變速率？,4f70ea908090783cd3fc217ab0c98703847668d1b293f444293afe2408b01a21,8c79311acea82dbdaa476a9b6f0f7b6212ee88b4b49752aed0aaaa02a7f3e9be
e2,8,delivery-variant,8,False,False,0.9931,1.0,TLE + 目標時間 → SGP4 → TEME 狀態,TLE + 目標時間 → SGP4 → TEME 狀態,3aff6c99a814e0fc1becd5b5aa6265c7c7f920325e1653ebb24f55040aeb76a8,1019485a9c1f4323d1c7e164713da960d6d3466129d672088a243d7a5b9e4fa0
e2,44,delivery-variant,44,False,False,0.9931,1.0,T1｜操作：調整電路功率，找中間量,T1｜操作：調整電路功率，找中間量,b3286824e55f2ecfff4103fafb1299129a2269e4b72fbaa26e6550df8e28c809,9e694b15ce5c2438d9db36d10166afac2665b84a65416b279fc2b73a06a26376
e2,81,delivery-variant,81,False,False,0.9931,1.0,T5 目的：50 → 35 dBm 是下降 15 dB,T5 目的：50 → 35 dBm 是下降 15 dB,67e0214eb37820dbe8ca4aceb38c2f21fe292b3f8556a97f01d95d8dd2c696f4,fde61fe2253bef3ec5daa2b56ad010895f0889f27e9f1192ff7dc62f06afbf7b
e2,60,delivery-variant,60,False,False,0.993,1.0,T3｜為什麼速率不能只看一個方向？,T3｜為什麼速率不能只看一個方向？,b340bfc13995af368b0b7217bec4e7c5e04164b1c376d663cb194748df5a9b5d,e8c1d03934a03b26f67c9c1cfc103404ca5c87659f440b3c26cb487cb15a9f72
e2,43,delivery-variant,43,False,False,0.9929,1.0,T1｜為什麼先核對功率鏈？,T1｜為什麼先核對功率鏈？,642663e677a56670da896d1d59816b3191d28440edb027cf29386e035678c6bc,123a161ed33d4ee55ef2a52b9d6f4b128e3fd6a543f538e349cacd1c2af52b36
e2,66,delivery-variant,66,False,False,0.9929,1.0,T3｜解讀：固定條件才可比較,T3｜解讀：固定條件才可比較,210057a3aa0cec54deb8871d371572e4338991373a009d8e4b5d5beae52aecd6,7e255679804acb8b9fb3fc9842491b9774c3a25f4ccc851456f80921d0416c6d
e2,23,delivery-variant,23,False,False,0.9928,1.0,dB 不能直接進入 1 + SINR,dB 不能直接進入 1 + SINR,142c99244840709f778b6e855466946044ece185e08d21baae166f15c690734c,7c6575e9c08510352fad75737b02f1e1768d82f312d62d16b27c6556f0632817
e2,45,delivery-variant,45,False,False,0.9928,1.0,T1｜空白觀察表：控制與窗口,T1｜空白觀察表：控制與窗口,66cc07f24f8d798dc73abcca089f38544c4db789c2bd6f088e1848c7b075d239,f661c5d291006ee4b380d3ea627e090961b473060e6a60f32027b9d79dc8b4b4
e2,73,delivery-variant,73,False,False,0.9928,1.0,一個能量數字，足以代表節能嗎？,一個能量數字，足以代表節能嗎？,7bc1ed96f6d3f924a0cfce4c925140606ad678d3e0e34cbeffd0da02e30f73e4,7a0e5d7fd92ab964852c1cd6b7c04bac511ec88ceb2ade199ef93f112c0d57fa
e2,92,delivery-variant,92,False,False,0.9928,1.0,T6 空白觀測表：狀態、功率與 EE 分開記,T6 空白觀測表：狀態、功率與 EE 分開記,9f3bf41ec45a2de70ddd9aec0bf6d7d1796689b8733b30c734bf005c12826815,f38f28e263f36d1188251b83c900c6d762889d79bb3b0fc24be19c30910b0e8b
e2,3,delivery-variant,3,False,False,0.9927,1.0,衛星平台與通訊酬載分工,衛星平台與通訊酬載分工,d76a25e0e5fdacd7584880fd672f6ea8b67839fede08d2d04dd3d92090141d2b,bc4d16267544cc0b3a27100f3d0bed3b312ceaf0af7c84ca031c8bb159b5ea27
e2,12,delivery-variant,12,False,False,0.9927,1.0,切換過慢會中斷，過快會形成 ping-pong,切換過慢會中斷，過快會形成 ping-pong,cd5071e42ade4d94131a49673e6d88787c99d1de9e1ec8a2879a80b1bb87825f,5c265fadc547b5f0c541673621d8f3f9d0bf4a223c782eda580952f500f3eb6d
e2,63,delivery-variant,63,False,False,0.9926,1.0,T3｜操作：調整控制、開窗、讀同一組欄位,T3｜操作：調整控制、開窗、讀同一組欄位,38908c01393333fdd43c881da3a04e1309673855d71cfafd483a6bdc7a44e86f,ea6a70e4c8c065be4da2b6fc430c539d57387a00d3c75a4d25899cf62b2665cb
e2,65,delivery-variant,65,False,False,0.9926,1.0,T3｜實際數值：控制與窗口,T3｜實際數值：控制與窗口,6be7002dd827354d73098fabe9f3159ccc779a69a8a40857e24702cb2b557aee,63be324d6a82eb6b163b2a2c43107d3974ed4c585e9e7ff1aa9fe9d15ac36971
e2,9,delivery-variant,9,False,False,0.9925,1.0,TEME 是慣性參考，還需座標轉換,TEME 是慣性參考，還需座標轉換,fdf9b4cfc64f674152f6b23594b810c1a8f6d4395725401693538d999a36f4f5,166a8d1623f524b02330e7f501375151fbece2a997ec532a22a00ac937a0d7de
e2,18,delivery-variant,18,False,False,0.9925,1.0,衛星運動改變角度與斜距，維持資料要回應,衛星運動改變角度與斜距，維持資料要回應,9c22f14c371f361974206904feaa0c5953317d41cea13a44a95cec704f36bf6d,152f51fb18d3dd79e6e2cc458ef5c8b9c472b68fd0c2d5be64922d2785f2da95
e2,86,delivery-variant,86,False,False,0.9925,1.0,T5 解讀：資料量掉得比能量更快,T5 解讀：資料量掉得比能量更快,b2f23ad354f8beb97199c889e0e42d7c44c889d7d07cc63cf4ece164874c0be4,298a3d8fcd2bdc999545746951a92a6dbbdd328bb921c39d2b3927d37a9cf7b5
e2,5,delivery-variant,5,False,False,0.9924,1.0,可見性是必要條件，不是服務資格,可見性是必要條件，不是服務資格,f43c4623730dc4fdcdf66b6d0aab819d9029f32790e4dea46b8306a5705ef1b4,7e5c6d16cbba3b112aa57e7814e2665b56f9fd196810f81f26ed21125ce98e33
e2,61,delivery-variant,61,False,False,0.9924,1.0,T3｜從 dB 到資料：三種量不能混在一起,T3｜從 dB 到資料：三種量不能混在一起,c1c7a5e69432b8f11456f3ed8ce18832019e1fba710f6ccc75213ebf3abab4e3,54b351c3ba930116a10fbd66dd9ba7dfb236a9e62e34bad4abdc10cae835f369
e2,75,delivery-variant,75,False,False,0.9924,1.0,量測資格：四個條件必須對上,量測資格：四個條件必須對上,4f9a8603e4b958e045cf1258f2c729f52b4b741db0b561c224fc3fcb946a54db,03055e0229f28ded8dfd37b92d1e2a31c8c2652e40c07d244894174b251e33f2
e2,94,delivery-variant,94,False,False,0.9924,1.0,T6 解讀：貢獻值是帳務分攤，不是個人發射功率,T6 解讀：貢獻值是帳務分攤，不是個人發射功率,d8e3965812a9e81a3722a2f7d5dfcf8ebe0413b9722f7858d81376698bea5243,50bd1ae75d6c991a02da36b0624ed2e7a0dd16da52b652de4f120336d7c7d01c
e2,6,delivery-variant,6,False,False,0.9923,1.0,重疊把即將中斷的服務轉成換手機會,重疊把即將中斷的服務轉成換手機會,3d22da120e8be900d974a92cec385571bdbea3599da50334ed139f0fb65a14dd,c03c17558a9a20389beeeba202546b2e9fbff5395ac2559ff7358691d6f5e169
e2,107,delivery-variant,107,False,False,0.9923,1.0,SGP4：平均元素加目標時間，得到某一刻的位置與速度,SGP4：平均元素加目標時間，得到某一刻的位置與速度,85b55e849362dca7f09293ad9cad4423c672dfa5a399ad3757d3461bc3ce653d,3b5cd488617f54a54796255a558b80c31c6127553dff9433dbef83060962f962
e2,20,delivery-variant,20,False,False,0.9922,1.0,A／B 先鎖在同一服務窗口,A／B 先鎖在同一服務窗口,ba573f0945d6b8557953eb2e1a8060185630ac150c715484518e95c5d3ca3e07,4d2bf4639ffb47fd2720497b6a29a1328571a2e5cd5e2b52793584bc9ee63d50
e2,71,delivery-variant,71,False,False,0.9922,1.0,從可操作到可採信：先固定比較資格,從可操作到可採信：先固定比較資格,83659547a31b7441f8f40699d30a650d485a52a8d4aa38dead5a2ebaba625f91,c3499a43534a580f8c641e0f7be8ec3b0a9d6687ea0af14c16571c82204af600
e2,72,delivery-variant,72,False,False,0.9921,1.0,Run EE 的兩個累積量要一起看,Run EE 的兩個累積量要一起看,b25acb3fbfb97d2888c51549a4e52a9af2fb2525ba523f5e82f60689fd4f0db6,33005156d02b86c759de8ca9b3de804a3911d4ce7f7ae7ead9ff5020fc5ed133
e2,10,delivery-variant,10,False,False,0.992,1.0,座標鏈把 SGP4 狀態變成地面觀測者看到的量,座標鏈把 SGP4 狀態變成地面觀測者看到的量,ba51c6391e8259c98e80cdc5dd07dce9aa6bc5f2ce3ba660192f0957597eab6c,2442b36aeb66d0693a2cd7048d93dc75c16e0eb8e1b8550471fcd26f4c31440a
e2,17,delivery-variant,17,False,False,0.992,1.0,資料率提高之後，功率與能量從何而來？,資料率提高之後，功率與能量從何而來？,fee824fd9a87d57ea5c05b4292fece7f8500980c6e957de3ba67209958544c90,c79ee666a58e83e3b177b22d5432e8f8af7794bd7c8b215370bb4715ce44b25a
e2,36,delivery-variant,36,False,False,0.992,1.0,A／B 比較：用四組欄位判斷服務與節能,A／B 比較：用四組欄位判斷服務與節能,a8c2af7bf79828803e8e38764980630b9aa1097418852482a8516fade6c178c2,b2038c29d59831c097d1a8c51322430b191d8b89261e5ed4db37b4d4b5b79a30
e2,96,delivery-variant,96,False,False,0.992,1.0,證據邊界：畫面能支持哪些可重算主張？,證據邊界：畫面能支持哪些可重算主張？,5bb1f6fd45a16c503cc9639e1156867f21a0a6dff2738fd09d1d53e3a2c7e59d,96819b2046a9205ed1f2d9cf68f14eb565294bb715386ec1029adcf705dbee28
e2,16,delivery-variant,16,False,False,0.9918,1.0,資料率提高之後，功率與能量從何而來？,資料率提高之後，功率與能量從何而來？,00bc3322252a99a5652cde0583db37aba91abc54ad34483b3f600e568c93b552,cf6fb876c05e59c0af8eb233e912c199a4ab8c9911a1c57172a1c645bf6d619a
e2,26,delivery-variant,26,False,False,0.9918,1.0,OBO (Output Back-Off，輸出回退) 與效率的權衡,OBO (Output Back-Off，輸出回退) 與效率的權衡,d291d2250cac7edd79c4a06385b764491a51dbbf4fde7ed15e68ddf7bb0164af,b64e0a09630a4f55431e617a05d5e2f5b765d7322d24c8c1b678349439cc3f65
e2,51,delivery-variant,51,False,False,0.9917,1.0,T2｜為什麼分開調整三個能源參數？,T2｜為什麼分開調整三個能源參數？,e15ec29b641bcd68cdc3cade4931ab4c667ffa6452cf7962e889fbaf5b6eccfd,be0e0092ab1093c758fb658ecf56b991b17e167d0a703ce6d3031970276ddeb2
e2,83,delivery-variant,83,False,False,0.9917,1.0,T5 空白觀測表：先記中間量，再記累積量,T5 空白觀測表：先記中間量，再記累積量,d343ef3725ca6b4d92ca7aeeb584a84288c7a9c3b11eefd6ec5e2593bb85d9eb,67ec4220397394c9512fbe272f3b14aa838486844105843215d7a257f497b396
e2,70,delivery-variant,70,False,False,0.9916,1.0,結論｜這筆量測何時才算有效證據？,結論｜這筆量測何時才算有效證據？,3d3ad588f2eb6460bc078a77dc3165ce228118803fddfa726244e6876bf383c9,9a36b6b26ffa3ffb5f3c78935f703b304f6aa10ab2fc13f5e8d74d44de1d0eee
e2,52,delivery-variant,52,False,False,0.9913,1.0,T2｜操作：先建立基準，再改一個旋鈕,T2｜操作：先建立基準，再改一個旋鈕,f7e28c7f63b709ce4e76ca8762bfdaaac5b41d4028ce5d735f9c37b870c91442,48879267e066d5917281aa9e46e5cad7e14b2f67bb6b7ae451d0e9c773584cc2
e2,53,delivery-variant,53,False,False,0.9912,1.0,T2｜操作：讀畫面，確認當下控制值,T2｜操作：讀畫面，確認當下控制值,d2a2da59d531340e1e8e0bfc44480bc6d740a120b1d12ca1ec10bc24fe8c5c4c,6c8967a637359dd5c0022af7c60a6002efc41873804ac16d352465c329260dc7
e2,22,delivery-variant,22,False,False,0.9908,1.0,發射設定是 dBm；先轉成線性 RF 輸出,發射設定是 dBm；先轉成線性 RF 輸出,59211ee8f142c7e3488f6d9bc0b35a3938b45fa21e03c2d60d88f48d8cbb2569,a5d102a0b3852c222470c81be077a8fa5f75a7e6a3557c9c9ad06a2be61962a1
e2,88,delivery-variant,88,False,False,0.9904,1.0,T5 判定：能源下降仍可能是假節能,T5 判定：能源下降仍可能是假節能,e3d36b4841273873667b31d3832e6e990582cb0a8cfc536fd92aa0cf977470f0,150e7496c47546a625a0752defd0c3be0b847322cab6b2e39eaca21669cf5be1
e2,37,delivery-variant,37,False,False,0.9903,1.0,同一窗口的選擇：資料與品質可比，節能才有意義,同一窗口的選擇：資料與品質可比，節能才有意義,5d38ef319a54cca72be8776140ac5fde2a997b21dadf3e126dbd28f8115e9263,2096397d2c011b0f9707fbb95d6600f97943cbc752a318951f8c7ed33449cac4
e2,33,delivery-variant,33,False,False,0.9899,1.0,瞬時 EE 與窗口 EE 的計算邊界不同,瞬時 EE 與窗口 EE 的計算邊界不同,77c8a6bb012cd88f374143f05dc251f9af831fc6080c97bacafebfaf3ec5b067,8f7dbd43621d38e3d7fcad5ce3e189eb10ab2e8d726a00991a604314fb18bba8
e2,34,delivery-variant,34,False,False,0.9898,1.0,目標 SINR 是反推輸入；實測 SINR 是評估輸出,目標 SINR 是反推輸入；實測 SINR 是評估輸出,88df02ff577e85e720e48c5064ec56c749a50c70c627eb95d8aa37bd10b1cd59,a42f53657b68d1dd9cf7c6eede57b546cd8ac99094fdfe5ec2e70bacb6ef4867
e2,57,delivery-variant,57,False,False,0.9895,1.0,T2｜空白觀察表：事件、總耗能與窗口,T2｜空白觀察表：事件、總耗能與窗口,af349879b5ac5d3ca8e39955e88b1178b24400705bb88a1200c4d27a19721106,d111aa2d9024966a3015d4fa1c4332966a7145635afd84d9087fc5b95ccf732d
e2,13,delivery-variant,13,False,False,0.9891,1.0,SINR 分解訊號、干擾與雜訊,SINR 分解訊號、干擾與雜訊,97118591330dc4b428983cef76cd9c0d23697433d487b3c3beaf78fad17cb0ac,f12f94585c0732f37231878b52eb52b601b93af67c5a809985c7f7805e35178e
e2,97,delivery-variant,97,False,False,0.989,1.0,把數值、判定與限制一起留下,把數值、判定與限制一起留下,2ca23144559258c79834f1c2d6280c1f66b169075c2af3cc6af0d0f5f6825dbe,3d67261cdb72ff56be20f226e13cc5dec486cadeab399dc5e27b364ced2ca04f
e2,54,delivery-variant,54,False,False,0.9886,1.0,T2｜空白觀察表：控制與持續運作功率,T2｜空白觀察表：控制與持續運作功率,ac5c7821b96d1c659763d993dd29ea753f83163b254c603abe8e2736b62515bf,1e901d74b6c9c9cc5aae8c413beb8281b6d4715e4d977cadecb0271c56acd388
e2,82,delivery-variant,82,False,False,0.9886,1.0,T5 操作：同一場景，只改一個 RF 設定,T5 操作：同一場景，只改一個 RF 設定,f9185b79b5f9fd71b5591252f1610b99a5e99afc3222ff7101d5620b10b08563,51356fb15f45d2f61c1f52e3b921fa06d214e79d1c263783caaa0f54cb07dbf3
e2,89,delivery-variant,89,False,False,0.9883,1.0,T5 替代解釋：服務縮小也會讓數字變好看,T5 替代解釋：服務縮小也會讓數字變好看,763a384e16eda94c4b733e6fcef43949b0195b1a64d37af58c256827d3f8ddef,356951afb9cb4069f94403ba3d802739d40637725e53fcd64e4bfd91f71cbc35
e2,95,delivery-variant,95,False,False,0.9882,1.0,T6 邊界：先看 Producer 狀態，再讀畫面,T6 邊界：先看 Producer 狀態，再讀畫面,c7fb3654c6ca0b15c1ca65ec3f8538b5e6e9eccf3e7131aa90c981b2babbb804,5dd6819a1869416b63c7d982ef4bcb9900a28028acba2b0c78fa566387568424
e2,87,delivery-variant,87,False,False,0.988,1.0,T5 四道門：能源、資料、品質、Run EE,T5 四道門：能源、資料、品質、Run EE,612827edad3657f41f64acd3bae5d15f7c0c1a6f6c77fee29575836000eb068c,775449f5cc20b2b2032d0baf9833bf9b981820a923e1842b80880645ee2b1a24
e2,11,delivery-variant,11,False,False,0.9878,1.0,候選必須跨過 margin，並持續足夠久,候選必須跨過 margin，並持續足夠久,86d3680149a72c0455d0be6edde878c5a9d312fc04e4b8025ee999e45c37245b,1ac8e5363c99ed8e23491a67d20aa27363cb9c32f08d873c027ff81c2b46e10f
e2,29,delivery-variant,29,False,False,0.9878,1.0,操作功率與事件能量如何計入？,操作功率與事件能量如何計入？,cd1abf5b041aa202b61942e03277c56e04c0b5371079157b641f25f72ec5267e,3a187abfeaeb385fa408a95c548c2aa492b7f659852e8e7018ddd974a84f628a
e2,74,delivery-variant,74,False,False,0.9873,1.0,先固定比較範圍，再記錄實際讀值,先固定比較範圍，再記錄實際讀值,0f62db9a1b3fc95095550b5597b314debcafa1f47b55fabacf994e38cda7188c,3c8d3bf53a8245b5aa30b2a740f85e30fbbfbd6d0f09839d6706e246ab1122a6
e2,32,delivery-variant,32,False,False,0.987,1.0,吞吐量有三個範圍，單位也不同,吞吐量有三個範圍，單位也不同,dbcaeef8507977045d80cff37659faa778664a8a1ec02ab0b202fae44cca0397,ff9c5c54733e4ded53bfbab59ed85113017d22b50e25f041c6375f08981ccb70
e2,2,delivery-variant,2,False,False,0.9868,1.0,通訊核心問題：資料要送達，鏈路卻會變,通訊核心問題：資料要送達，鏈路卻會變,8d8f734009e577321d874cf2f9ce13c5351650989599e7d6e3cebc76ccb2458a,f43ea270e670fc47d63079e6f1008e9d8e2687abd36a01593c44e3e724b49838
e2,31,delivery-variant,31,False,False,0.9867,1.0,角度與距離走各自的因果支線,角度與距離走各自的因果支線,ec9b7e15bf57bbb810933e056f3172110c206dc5e0774e250c32ec4043b45319,ee158be183ee2c1e8c6537ceebe52dc26e0e9e431a9ea4517e4e2487c79cb7fd
e2,67,delivery-variant,67,False,False,0.9859,1.0,T3｜空白觀察表：品質、負載與速率,T3｜空白觀察表：品質、負載與速率,985f57e254426e417ca9acd667af4506260b1ca38ec7781462fdc56990c54982,cb858468f1b53dd654069758c92e72d8adf178bb354c46d34d9c2b77074eabfc
e2,48,delivery-variant,48,False,False,0.9848,1.0,T1｜空白觀察表：功率讀值,T1｜空白觀察表：功率讀值,8b751347739b5f92d4ece88a8cc77dad65fc6e0992c84fb2d37943d2661444df,b6f5a0eeebc2b61efba008ac0a4a4e351db59689263c280913f25c3338939853
e2,64,delivery-variant,64,False,False,0.9846,1.0,T3｜空白觀察表：控制與窗口,T3｜空白觀察表：控制與窗口,9d3681fe503cd19a3080dc1e75bf81b525b0301cbf580c81fd58593e302bf25d,6f160dd4ae45318b61758291b99b9c7ba997485f90ca83e5b69eaaa1913e25b6
e2,35,delivery-variant,35,False,False,0.9841,1.0,有效狀態與 Δt 決定哪些樣本能進窗口,有效狀態與 Δt 決定哪些樣本能進窗口,0d3dfdb2b79e65be74c2c7116426a4b5fbe937d51563c8ec804a9d2d29b1857b,7e1cc2da84588d6b81ab36b780a60e82d2f1aaea58423186764df9656bd929d9
e2,4,delivery-variant,4,False,False,0.984,1.0,服務窗口隨衛星移動而改變,服務窗口隨衛星移動而改變,26b5e13f7a3b0eed9a6e30c550c2de212418759234d4c945321eca104e57ef41,b30356a9b7b14104ff9438a1531c38b9ea5ee4fc3ecf8e9e341d47aeda5a5729
e2,27,delivery-variant,27,False,False,0.9834,1.0,完整的瞬時總功率：每個加總項都有物理意義,完整的瞬時總功率：每個加總項都有物理意義,c68ad4d639c0e3f4ad78835dbf904744e44218cd36208782be031c1b7746f1bc,38f70f433e2c834b615ece9337ed1aaaa499b0baa04e47ad75880fbebba3fc87
e2,21,delivery-variant,21,False,False,0.9796,1.0,先畫出帳本邊界，再把功率累積成能量,先畫出帳本邊界，再把功率累積成能量,e53f405175adefb91f2da664bf5f5aec317b6b030c09ebef4c3fac5c8e836005,ee52db0c6369c7079cdaa5a617dc6792cd5cb8ca6fd4b09ef9623a721391dc5f
e2,30,delivery-variant,30,False,False,0.9725,1.0,兩個角度：一個改增益，一個判資格,兩個角度：一個改增益，一個判資格,5e0f7ec4b7ebe061a5e08678fcb1bd0b85a1a611b3b015fa33929c545ce1f1e9,aa17bd3a340b409f6eb906b235ada1a2381f2a9491196e28562e3a658e4c852e
e2,28,delivery-variant,28,False,False,0.968,1.0,系統功率只加總作用中服務波束,系統功率只加總作用中服務波束,1d393b81adcd521a236de8e83b6262162c792da75e744e5221278f736ac5b93d,070085da97bb894d5459e9d4965e5f0408bc87ae782c0cfd54078a19226d2606
e2,64,delivery-variant,45,False,False,0.5424,0.9286,T3｜空白觀察表：控制與窗口,T1｜空白觀察表：控制與窗口,9d3681fe503cd19a3080dc1e75bf81b525b0301cbf580c81fd58593e302bf25d,f661c5d291006ee4b380d3ea627e090961b473060e6a60f32027b9d79dc8b4b4
e2,45,e2,64,False,False,0.5299,0.9286,T1｜空白觀察表：控制與窗口,T3｜空白觀察表：控制與窗口,66cc07f24f8d798dc73abcca089f38544c4db789c2bd6f088e1848c7b075d239,9d3681fe503cd19a3080dc1e75bf81b525b0301cbf580c81fd58593e302bf25d
delivery-variant,45,delivery-variant,64,False,False,0.5272,0.9286,T1｜空白觀察表：控制與窗口,T3｜空白觀察表：控制與窗口,f661c5d291006ee4b380d3ea627e090961b473060e6a60f32027b9d79dc8b4b4,6f160dd4ae45318b61758291b99b9c7ba997485f90ca83e5b69eaaa1913e25b6
e2,45,delivery-variant,64,False,False,0.5232,0.9286,T1｜空白觀察表：控制與窗口,T3｜空白觀察表：控制與窗口,66cc07f24f8d798dc73abcca089f38544c4db789c2bd6f088e1848c7b075d239,6f160dd4ae45318b61758291b99b9c7ba997485f90ca83e5b69eaaa1913e25b6
e2,65,delivery-variant,46,False,False,0.411,0.9231,T3｜實際數值：控制與窗口,T1｜實際數值：控制與窗口,6be7002dd827354d73098fabe9f3159ccc779a69a8a40857e24702cb2b557aee,31e43a07f9dcb2dc488390f69519c9153d72ef977498e630b45b881134e4556d
delivery-variant,46,delivery-variant,65,False,False,0.3315,0.9231,T1｜實際數值：控制與窗口,T3｜實際數值：控制與窗口,31e43a07f9dcb2dc488390f69519c9153d72ef977498e630b45b881134e4556d,63be324d6a82eb6b163b2a2c43107d3974ed4c585e9e7ff1aa9fe9d15ac36971
e2,46,e2,65,False,False,0.3306,0.9231,T1｜實際數值：控制與窗口,T3｜實際數值：控制與窗口,44eb28411ab39ea12d2000bb670801f2aed4bbc7bb120df96291648498345233,6be7002dd827354d73098fabe9f3159ccc779a69a8a40857e24702cb2b557aee
e2,46,delivery-variant,65,False,False,0.3279,0.9231,T1｜實際數值：控制與窗口,T3｜實際數值：控制與窗口,44eb28411ab39ea12d2000bb670801f2aed4bbc7bb120df96291648498345233,63be324d6a82eb6b163b2a2c43107d3974ed4c585e9e7ff1aa9fe9d15ac36971
delivery-variant,16,delivery-variant,17,False,False,0.3023,1.0,資料率提高之後，功率與能量從何而來？,資料率提高之後，功率與能量從何而來？,cf6fb876c05e59c0af8eb233e912c199a4ab8c9911a1c57172a1c645bf6d619a,c79ee666a58e83e3b177b22d5432e8f8af7794bd7c8b215370bb4715ce44b25a
e2,16,e2,17,False,False,0.2941,1.0,資料率提高之後，功率與能量從何而來？,資料率提高之後，功率與能量從何而來？,00bc3322252a99a5652cde0583db37aba91abc54ad34483b3f600e568c93b552,fee824fd9a87d57ea5c05b4292fece7f8500980c6e957de3ba67209958544c90
e2,16,delivery-variant,17,False,False,0.2922,1.0,資料率提高之後，功率與能量從何而來？,資料率提高之後，功率與能量從何而來？,00bc3322252a99a5652cde0583db37aba91abc54ad34483b3f600e568c93b552,c79ee666a58e83e3b177b22d5432e8f8af7794bd7c8b215370bb4715ce44b25a
e2,17,delivery-variant,16,False,False,0.2848,1.0,資料率提高之後，功率與能量從何而來？,資料率提高之後，功率與能量從何而來？,fee824fd9a87d57ea5c05b4292fece7f8500980c6e957de3ba67209958544c90,cf6fb876c05e59c0af8eb233e912c199a4ab8c9911a1c57172a1c645bf6d619a
